{
    "ERR": [
        2.050492668264709
    ],
    "ERR_r": 2.050492668264709,
    "WMQ_Load": [
        69.11860244625124,
        69.0471286322337,
        67.75957966135687
    ],
    "WMQ_Load_r": 69.0471286322337,
    "C_Load": [
        32.76559527022243,
        33.219801223945716,
        33.53323659120133
    ],
    "C_Load_r": 33.219801223945716
}