{
    "C_Base_result": 115.4511408418883,
    "C_Load_result": 229.9171797010987,
    "Efficiency_result": 0.5021422974654582
}