{
    "WMQ_result": 169.42071644844762,
    "C_result": 98.30521322013382,
    "Efficiency_result": 1.7234153805156356
}