{
    "WMQ_Load": [
        1341.9179220410747
    ],
    "WMQ_Load_r": 1341.9179220410747,
    "C_Base": [
        123.32992547660274,
        131.81611216789005,
        157.49000992766128
    ],
    "C_Load": [
        157.75500836365507
    ],
    "C_Base_r": 131.81611216789005,
    "C_Load_r": 157.75500836365507,
    "ERR": [
        0.7972674415633403
    ],
    "ERR_r": 0.7972674415633403
}