{
    "WMQ_Load": [
        12467.106527036152,
        12102.427551771829,
        7677.098604556779,
        8242.841136732892,
        8630.55052374654,
        8645.059375090366
    ],
    "WMQ_Load_r": 8637.804949418452,
    "C_Base": [
        123.32992547660274,
        131.81611216789005,
        157.49000992766128
    ],
    "C_Load": [
        325.32445929968975,
        378.4700611777644,
        295.8203601458538,
        212.94269503114688,
        245.55933145124072,
        256.80074387306433
    ],
    "C_Base_r": 131.81611216789005,
    "C_Load_r": 276.31055200945906,
    "ERR": [
        0.7972674415633403
    ],
    "ERR_r": 0.7972674415633403
}