{
    "WMQ_result": 18.942743637236976,
    "C_result": 19.726194106839113,
    "Efficiency_result": 0.9602837493457234
}