{
    "ERR": [
        2.050492668264709
    ],
    "ERR_r": 2.050492668264709,
    "WMQ_Load": [
        135.6518221106562,
        155.60255739606706,
        191.28523629728164
    ],
    "WMQ_Load_r": 155.60255739606706,
    "C_Load": [
        86.03406229248671,
        84.15622726861118,
        88.13531489039197
    ],
    "C_Load_r": 86.03406229248671
}