{
    "WMQ_result": 155.60255739606706,
    "C_result": 86.03406229248671,
    "Efficiency_result": 1.8086157185867964
}