{
    "WMQ_result": 140.9609548180216,
    "C_result": 69.76993884546732,
    "Efficiency_result": 2.0203680431802367
}