{
    "WMQ_Load": [
        47.88073268281258,
        67.07813402963139,
        67.99427441664096
    ],
    "WMQ_Load_r": 67.07813402963139,
    "C_Load": [
        196.1586795467265,
        158.6538502341897,
        150.0781379582179
    ],
    "C_Load_r": 158.6538502341897,
    "ERR": [
        1.8046342763729173
    ],
    "ERR_r": 1.8046342763729173
}