{
    "WMQ_result": 67.07813402963139,
    "C_result": 158.6538502341897,
    "Efficiency_result": 0.4227955005858165
}