{
    "WMQ_Load": [
        134.297871362127,
        125.8412914548799,
        116.96633856565963
    ],
    "WMQ_Load_r": 125.8412914548799,
    "C_Base": [
        174.4230607522223,
        115.31022701160698,
        133.11800677630333
    ],
    "C_Load": [
        81.44085087329088,
        83.23985744918713,
        80.64228157468142
    ],
    "C_Base_r": 133.11800677630333,
    "C_Load_r": 81.44085087329088
}