{
    "WMQ_result": 125.8412914548799,
    "C_result": 81.44085087329088,
    "Efficiency_result": 1.5451863543354807
}