{
    "WMQ_result": 639.3702035460108,
    "C_result": 1.1030319917768736,
    "Efficiency_result": 579.6479234623555
}