{
    "WMQ_Load": [
        95.02572700642185,
        65.08945605033745,
        65.8494838062571
    ],
    "WMQ_Load_r": 65.8494838062571,
    "C_Load": [
        160.91202598235722,
        159.45338906218814,
        160.0819457381905
    ],
    "C_Load_r": 160.0819457381905,
    "ERR": [
        1.8046342763729173
    ],
    "ERR_r": 1.8046342763729173
}