{
    "ERR": [
        2.0689425629282927,
        2.115254319740872,
        2.1248524299696117
    ],
    "ERR_r": 2.115254319740872
}