{
    "WMQ_Load": [
        630.6174363622497
    ],
    "WMQ_Load_r": 630.6174363622497,
    "C_Load": [
        105.82702189982366
    ],
    "C_Load_r": 105.82702189982366,
    "WLQ_Load": [
        35904
    ],
    "WLQ_Load_r": 35904.0
}