{
    "WMQ_Load": [
        583.1503527310065,
        568.547768985527,
        582.2145749782948
    ],
    "WMQ_Load_r": 582.2145749782948,
    "C_Base": [
        149.23605103315853,
        122.50383608081842,
        140.50051151877236
    ],
    "C_Load": [
        131.4179035914237,
        174.94232544489685,
        240.3900278880989
    ],
    "C_Base_r": 140.50051151877236,
    "C_Load_r": 174.94232544489685
}