{
    "WMQ_Load": [
        83.52364000661048,
        84.53319439676008,
        80.48133126159985
    ],
    "WMQ_Load_r": 83.52364000661048,
    "C_Load": [
        106.5592762680352,
        58.56334321466808,
        113.89768659504635
    ],
    "C_Load_r": 106.5592762680352,
    "ERR": [
        21136809.679745186,
        22296618.56877186,
        21678580.991936274
    ],
    "ERR_r": 21678580.991936274
}