{
    "WMQ_result": 170.86423400877425,
    "C_result": 64.46974451578042,
    "Efficiency_result": 2.650301087620277
}