{
    "WMQ_result": 1228.3495313071737,
    "C_result": 156.9547924273016,
    "Efficiency_result": 7.826135872060875
}