{
    "WMQ_Load": [
        77.28062255107278
    ],
    "WMQ_Load_r": 77.28062255107278,
    "C_Load": [
        2260.1484837199637
    ],
    "C_Load_r": 2260.1484837199637,
    "WLQ_Load": [
        35904
    ],
    "WLQ_Load_r": 35904.0
}