{
    "C_Idle_result": 59.82278856339659,
    "C_Load_result": 93.09283208257308,
    "Efficiency_result": 0.6426143369484554
}