{
    "WMQ_result": 85.60968842221435,
    "C_result": 173.85475678713385,
    "Efficiency_result": 0.49242074248813367
}