{
    "ERR": [
        21.623824287934866,
        21.428530977371754,
        21.396514679904428
    ],
    "ERR_r": 21.428530977371754
}