{
    "WMQ_Load": [
        260.07442423170227,
        214.65082322214238,
        207.30490072129248
    ],
    "WMQ_Load_r": 214.65082322214238,
    "C_Load": [
        237.175857881937,
        227.33943944541318,
        243.01064196934365
    ],
    "C_Load_r": 237.175857881937,
    "ERR": [
        1.8046342763729173
    ],
    "ERR_r": 1.8046342763729173
}