{
    "WMQ_result": 214.65082322214238,
    "C_result": 237.175857881937,
    "Efficiency_result": 0.9050281303461869
}