{
    "WLQ_result": 27381.0,
    "C_result": 192.7670133796184,
    "Efficiency_result": 142.04193715487136
}