{
    "WMQ_Load": [
        181.61982011584573,
        197.29404740690296,
        182.0702427947556
    ],
    "WMQ_Load_r": 182.0702427947556,
    "C_Load": [
        187.40478712919372,
        189.9026770504786,
        169.6858311032086
    ],
    "C_Load_r": 187.40478712919372,
    "ERR": [
        1.8046342763729173
    ],
    "ERR_r": 1.8046342763729173
}