{
    "WLQ_result": 27381.0,
    "C_result": 1379182814.0244424,
    "Efficiency_result": 1.985306061065429e-05
}