{
    "WMQ_Load": [
        1460.952255955997,
        1694.2071644844764,
        1831.1972251855586
    ],
    "WMQ_Load_r": 1694.2071644844764,
    "C_Base": [
        123.32992547660274,
        131.81611216789005,
        157.49000992766128
    ],
    "C_Load": [
        185.85116313615939,
        182.42457286849344,
        254.29680697920742
    ],
    "C_Base_r": 131.81611216789005,
    "C_Load_r": 185.85116313615939
}