{
    "WMQ_result": 1694.2071644844764,
    "C_result": 54.03505096826933,
    "Efficiency_result": 31.35385521296825
}