{
    "WMQ_Load": [
        2289.885401492702
    ],
    "WMQ_Load_r": 2289.885401492702,
    "C_Load": [
        75.97507211215694
    ],
    "C_Load_r": 75.97507211215694,
    "WLQ_Load": [
        35904
    ],
    "WLQ_Load_r": 35904.0
}