{
    "WMQ_Load": [
        56.8609623181046,
        57.19530785123713,
        57.881221581847214
    ],
    "WMQ_Load_r": 57.19530785123713,
    "C_Base": [
        115.12772228621881,
        118.05905734008523,
        191.65385795608495
    ],
    "C_Load": [
        29.851112650978955,
        30.95520150018271,
        31.43739869181723
    ],
    "C_Base_r": 118.05905734008523,
    "C_Load_r": 30.95520150018271
}