{
    "WMQ_result": 57.19530785123713,
    "C_result": 30.95520150018271,
    "Efficiency_result": 1.8476800369365887
}