{
    "WMQ_Load": [
        67.66717283379072
    ],
    "WMQ_Load_r": 67.66717283379072,
    "C_Base": [
        123.32992547660274,
        131.81611216789005,
        157.49000992766128
    ],
    "C_Load": [
        31.91536820169115
    ],
    "C_Base_r": 131.81611216789005,
    "C_Load_r": 31.91536820169115,
    "ERR": [
        0.7972674415633403
    ],
    "ERR_r": 0.7972674415633403
}