{
    "WMQ_result": 67.66717283379072,
    "C_result": 31.91536820169115,
    "Efficiency_result": 2.120206553976248
}