{
    "WMQ_Load": [
        92.2753666553212,
        84.73340354851257,
        96.27622455782608
    ],
    "WMQ_Load_r": 92.2753666553212,
    "C_Base": [
        146.18209604555415,
        123.66773367477593,
        142.82736417466646
    ],
    "C_Load": [
        63.37458212554416,
        61.12745671478197,
        62.28288337595908
    ],
    "C_Base_r": 142.82736417466646,
    "C_Load_r": 62.28288337595908
}