{
    "WMQ_result": 92.2753666553212,
    "C_result": 62.28288337595908,
    "Efficiency_result": 1.4815525816028468
}