{
    "ERR": [
        2.0161048519048874,
        2.195389820891598,
        0.8195983681016034
    ],
    "ERR_r": 2.0161048519048874
}