{
    "WMQ_result": 68.25996381929764,
    "C_result": 32.333294179261536,
    "Efficiency_result": 2.1111354581086683
}