{
    "WMQ_Load": [
        682.5996381929765
    ],
    "WMQ_Load_r": 682.5996381929765,
    "C_Base": [
        123.32992547660274,
        131.81611216789005,
        157.49000992766128
    ],
    "C_Load": [
        140.62140998039965
    ],
    "C_Base_r": 131.81611216789005,
    "C_Load_r": 140.62140998039965,
    "ERR": [
        0.7972674415633403
    ],
    "ERR_r": 0.7972674415633403
}