{
    "WMQ_Load": [
        87.67187007078836,
        84.147707634535,
        89.56961693393178
    ],
    "WMQ_Load_r": 87.67187007078836,
    "C_Load": [
        54.25143498515196,
        58.46110444854069,
        95.90964405441476
    ],
    "C_Load_r": 58.46110444854069
}