{
    "WMQ_Load": [
        87.69172876156509,
        65.15173594518404,
        107.31224325232559
    ],
    "WMQ_Load_r": 87.69172876156509,
    "C_Load": [
        53.00735851444511,
        53.04886293555014,
        62.076250583396025
    ],
    "C_Load_r": 53.04886293555014
}