{
    "WMQ_result": 1388.1965276937058,
    "C_result": 138.8585059733294,
    "Efficiency_result": 9.997201957223545
}