{
    "WMQ_result": 3801.304713360572,
    "C_result": 96.1515824450883,
    "Efficiency_result": 39.53449976272079
}