{
    "WMQ_Load": [
        3839.3828474241254
    ],
    "WMQ_Load_r": 3839.3828474241254,
    "C_Load": [
        323.4867856486866
    ],
    "C_Load_r": 323.4867856486866,
    "WLQ_Load": [
        35904
    ],
    "WLQ_Load_r": 35904.0
}