{
    "WMQ_Load": [
        64.68670361356433,
        66.46026897928715,
        66.99111238571052
    ],
    "WMQ_Load_r": 66.46026897928715,
    "C_Load": [
        227.28767151381658,
        164.2295926162676,
        141.23568726670888
    ],
    "C_Load_r": 164.2295926162676,
    "ERR": [
        1.8046342763729173
    ],
    "ERR_r": 1.8046342763729173
}