{
    "WMQ_Load": [
        266.62973909174275
    ],
    "WMQ_Load_r": 266.62973909174275,
    "C_Load": [
        28.514077442948846
    ],
    "C_Load_r": 28.514077442948846,
    "WLQ_Load": [
        35904
    ],
    "WLQ_Load_r": 35904.0
}