{
    "WMQ_Load": [
        575.1166423530947,
        589.7487031511115,
        645.5473161727803,
        595.3493479092983,
        613.4061319217129,
        582.6314215378569
    ],
    "WMQ_Load_r": 592.549025530205,
    "C_Base": [
        123.32992547660274,
        131.81611216789005,
        157.49000992766128
    ],
    "C_Load": [
        91.82543072012588,
        93.72668885828097,
        93.09283208257308
    ],
    "C_Base_r": 131.81611216789005,
    "C_Load_r": 93.09283208257308,
    "ERR": [
        4.693934828230265,
        2.3047272338419242,
        2.501016857416745
    ],
    "ERR_r": 2.501016857416745
}