{
    "WMQ_Load": [
        91.70689315188969,
        83.05859486580323,
        80.6769978169634
    ],
    "WMQ_Load_r": 83.05859486580323,
    "C_Load": [
        37.04212366760085,
        36.79407708364916,
        35.95427841876582
    ],
    "C_Load_r": 36.79407708364916
}