{
    "WMQ_Load": [
        105.43897942572228
    ],
    "WMQ_Load_r": 105.43897942572228,
    "C_Base": [
        123.32992547660274,
        131.81611216789005,
        157.49000992766128
    ],
    "C_Load": [
        47.4769943076925
    ],
    "C_Base_r": 131.81611216789005,
    "C_Load_r": 47.4769943076925,
    "ERR": [
        0.7972674415633403
    ],
    "ERR_r": 0.7972674415633403
}