{
    "WMQ_result": 105.43897942572228,
    "C_result": 47.4769943076925,
    "Efficiency_result": 2.2208436099047333
}