{
    "WMQ_Load": [
        1345.5478012670703
    ],
    "WMQ_Load_r": 1345.5478012670703,
    "C_Base": [
        123.32992547660274,
        131.81611216789005,
        157.49000992766128
    ],
    "C_Load": [
        183.56013451437374
    ],
    "C_Base_r": 131.81611216789005,
    "C_Load_r": 183.56013451437374,
    "ERR": [
        0.7972674415633403
    ],
    "ERR_r": 0.7972674415633403
}