{
    "WMQ_Load": [
        845.8792178337653
    ],
    "WMQ_Load_r": 845.8792178337653,
    "C_Load": [
        1379182814.0244424
    ],
    "C_Load_r": 1379182814.0244424,
    "WLQ_Load": [
        27381
    ],
    "WLQ_Load_r": 27381.0
}