{
    "ERR": [
        2.050492668264709
    ],
    "ERR_r": 2.050492668264709,
    "WMQ_Load": [
        104.34698522050839,
        85.17580187759178,
        97.01073308196052
    ],
    "WMQ_Load_r": 97.01073308196052,
    "C_Load": [
        54.643293770913374,
        53.17663636448523,
        55.01410329894205
    ],
    "C_Load_r": 54.643293770913374
}