{
    "WMQ_result": 97.01073308196052,
    "C_result": 54.643293770913374,
    "Efficiency_result": 1.775345635068568
}