{
    "WMQ_Load": [
        845.8792178337653
    ],
    "WMQ_Load_r": 845.8792178337653,
    "C_Load": [
        67.1716084160911
    ],
    "C_Load_r": 67.1716084160911,
    "WLQ_Load": [
        10473
    ],
    "WLQ_Load_r": 10473.0
}