{
    "WMQ_result": 65.8494838062571,
    "C_result": 160.0819457381905,
    "Efficiency_result": 0.41134859713631955
}