{
    "WMQ_Load": [
        58.31503527310065,
        56.85477689855269,
        58.22145749782948
    ],
    "WMQ_Load_r": 58.22145749782948,
    "C_Base": [
        149.23605103315853,
        122.50383608081842,
        140.50051151877236
    ],
    "C_Load": [
        31.2160973170952,
        29.817885017043917,
        31.744501228955247
    ],
    "C_Base_r": 140.50051151877236,
    "C_Load_r": 31.2160973170952
}