{
    "WMQ_result": 58.22145749782948,
    "C_result": 31.2160973170952,
    "Efficiency_result": 1.865110071461273
}