{
    "WMQ_Load": [
        561.907923310628
    ],
    "WMQ_Load_r": 561.907923310628,
    "C_Load": [
        32.930130387824185
    ],
    "C_Load_r": 32.930130387824185,
    "WLQ_Load": [
        35904
    ],
    "WLQ_Load_r": 35904.0
}