{
    "WMQ_result": 200.86441597269467,
    "C_result": 69.5299477346491,
    "Efficiency_result": 2.8888906509647385
}