{
    "WMQ_result": 1910.4278909060517,
    "C_result": 49.63908819038298,
    "Efficiency_result": 38.4863614653618
}