{
    "WMQ_Load": [
        1851.053292676544
    ],
    "WMQ_Load_r": 1851.053292676544,
    "C_Load": [
        263.29982889262277
    ],
    "C_Load_r": 263.29982889262277,
    "WLQ_Load": [
        35904
    ],
    "WLQ_Load_r": 35904.0
}