{
    "WMQ_result": 1851.053292676544,
    "C_result": 263.29982889262277,
    "Efficiency_result": 7.030210769454881
}