{
    "WMQ_Load": [
        575.1166423530947,
        589.7487031511115,
        645.5473161727803,
        595.3493479092983,
        613.4061319217129,
        582.6314215378569
    ],
    "WMQ_Load_r": 592.549025530205,
    "C_Base": [
        123.32992547660274,
        131.81611216789005,
        157.49000992766128
    ],
    "C_Load": [
        40.21479837707759,
        46.4260092115409,
        41.18890923025683
    ],
    "C_Base_r": 131.81611216789005,
    "C_Load_r": 41.18890923025683,
    "ERR": [
        0.7972674415633403
    ],
    "ERR_r": 0.7972674415633403
}