{
    "C_Idle_result": 28.66610079681145,
    "C_Load_result": 41.18890923025683,
    "Efficiency_result": 0.6959664951688914
}