{
    "WMQ_result": 59.23386793774258,
    "C_result": 30.47437304076929,
    "Efficiency_result": 1.9437272051010928
}