{
    "C_Idle_result": 107.98791865121048,
    "C_Load_result": 372.80099024459156,
    "Efficiency_result": 0.289666394341819
}