{
    "WMQ_result": 592.549025530205,
    "C_result": 148.22933631272434,
    "Efficiency_result": 3.997515203603723
}