{
    "WMQ_Load": [
        11346.070842818384
    ],
    "WMQ_Load_r": 11346.070842818384,
    "C_Load": [
        307.96337993942086
    ],
    "C_Load_r": 307.96337993942086,
    "WLQ_Load": [
        35904
    ],
    "WLQ_Load_r": 35904.0
}