{
    "WMQ_result": 11346.070842818384,
    "C_result": 307.96337993942086,
    "Efficiency_result": 36.842272756748734
}