{
    "WMQ_Load": [
        71.56856987246893,
        67.94958766585033,
        68.4071350146409
    ],
    "WMQ_Load_r": 68.4071350146409,
    "C_Load": [
        36.790328491922004,
        36.71114683223568,
        36.84999047982042
    ],
    "C_Load_r": 36.790328491922004
}