{
    "WMQ_result": 68.4071350146409,
    "C_result": 36.790328491922004,
    "Efficiency_result": 1.8593782066844267
}