{
    "WMQ_result": 94.83935705363322,
    "C_result": 43.6127450416954,
    "Efficiency_result": 2.1745789439064955
}