{
    "WMQ_Load": [
        136.38827525708302,
        130.98146942791274,
        146.7326520747471
    ],
    "WMQ_Load_r": 136.38827525708302,
    "C_Load": [
        203.7739374437426,
        244.68433401957427,
        203.35839511497338
    ],
    "C_Load_r": 203.7739374437426,
    "ERR": [
        1.8046342763729173
    ],
    "ERR_r": 1.8046342763729173
}