{
    "WMQ_result": 136.38827525708302,
    "C_result": 203.7739374437426,
    "Efficiency_result": 0.6693116743388087
}