{
    "WMQ_Load": [
        189.42743637236975
    ],
    "WMQ_Load_r": 189.42743637236975,
    "C_Base": [
        123.32992547660274,
        131.81611216789005,
        157.49000992766128
    ],
    "C_Load": [
        121.33960552007197
    ],
    "C_Base_r": 131.81611216789005,
    "C_Load_r": 121.33960552007197,
    "ERR": [
        0.7972674415633403
    ],
    "ERR_r": 0.7972674415633403
}