{
    "WMQ_Load": [
        565.1113168335985
    ],
    "WMQ_Load_r": 565.1113168335985,
    "C_Load": [
        35.5084604447098
    ],
    "C_Load_r": 35.5084604447098,
    "WLQ_Load": [
        35904
    ],
    "WLQ_Load_r": 35904.0
}