{
    "WMQ_Load": [
        2312.155663867813
    ],
    "WMQ_Load_r": 2312.155663867813,
    "C_Load": [
        237.28856953178501
    ],
    "C_Load_r": 237.28856953178501,
    "WLQ_Load": [
        35904
    ],
    "WLQ_Load_r": 35904.0
}