{
    "WMQ_result": 2312.155663867813,
    "C_result": 237.28856953178501,
    "Efficiency_result": 9.744066764067613
}