{
    "ERR": [
        2.050492668264709
    ],
    "ERR_r": 2.050492668264709,
    "WMQ_Load": [
        61.853342271364205,
        62.893442081290516,
        69.04824316961543
    ],
    "WMQ_Load_r": 62.893442081290516,
    "C_Load": [
        32.482076359323045,
        33.90694475071723,
        33.545944176145824
    ],
    "C_Load_r": 33.545944176145824
}