{
    "WMQ_result": 62.893442081290516,
    "C_result": 33.545944176145824,
    "Efficiency_result": 1.8748448918606797
}