{
    "WMQ_Load": [
        1708.6423400877427,
        1708.1888172804029,
        1962.3347001540649
    ],
    "WMQ_Load_r": 1708.6423400877427,
    "C_Base": [
        141.9884544472626,
        158.1449513704087,
        142.14464224915136
    ],
    "C_Load": [
        177.7033509778608,
        152.40397415180504,
        229.19519566863264
    ],
    "C_Base_r": 142.14464224915136,
    "C_Load_r": 177.7033509778608
}