{
    "WMQ_result": 1708.6423400877427,
    "C_result": 35.55870872870943,
    "Efficiency_result": 48.05130448137496
}