{
    "WMQ_Load": [
        12818.448403481607
    ],
    "WMQ_Load_r": 12818.448403481607,
    "C_Load": [
        381.7497161892974
    ],
    "C_Load_r": 381.7497161892974,
    "WLQ_Load": [
        35904
    ],
    "WLQ_Load_r": 35904.0
}