{
    "WMQ_result": 12818.448403481607,
    "C_result": 381.7497161892974,
    "Efficiency_result": 33.578147827948484
}