{
    "WMQ_result": 129.52536859769884,
    "C_result": 48.132348712183145,
    "Efficiency_result": 2.691025309656532
}