{
    "WMQ_result": 167.0136600079354,
    "C_result": 96.53985211795542,
    "Efficiency_result": 1.729997056592472
}