{
    "WMQ_result": 11288.426181437533,
    "C_result": 300.73653007931046,
    "Efficiency_result": 37.5359327929352
}