{
    "WMQ_Load": [
        845.8792178337653
    ],
    "WMQ_Load_r": 845.8792178337653,
    "C_Load": [
        1821136720.9703248
    ],
    "C_Load_r": 1821136720.9703248,
    "WLQ_Load": [
        10473
    ],
    "WLQ_Load_r": 10473.0
}