{
    "WLQ_result": 10473.0,
    "C_result": 1821136720.9703248,
    "Efficiency_result": 5.7508038135763104e-06
}