{
    "WMQ_result": 1345.5478012670703,
    "C_result": 183.56013451437374,
    "Efficiency_result": 7.330283369135942
}