{
    "WMQ_result": 3927.3913281477267,
    "C_result": 305.62795350714526,
    "Efficiency_result": 12.850235991440188
}