{
    "ERR": [
        2.24774234502066,
        2.2086648830684426,
        2.157022293902317
    ],
    "ERR_r": 2.2086648830684426
}