{
    "WMQ_Load": [
        2079.4435160051084
    ],
    "WMQ_Load_r": 2079.4435160051084,
    "C_Load": [
        69.88594551419625
    ],
    "C_Load_r": 69.88594551419625,
    "WLQ_Load": [
        35904
    ],
    "WLQ_Load_r": 35904.0
}