{
    "WMQ_result": 2079.4435160051084,
    "C_result": 69.88594551419625,
    "Efficiency_result": 29.754816947889783
}