{
    "WMQ_result": 158.8317990004879,
    "C_result": 187.56662740092113,
    "Efficiency_result": 0.846802020174874
}