{
    "WMQ_result": 948.3935705363323,
    "C_result": 16.544284702065113,
    "Efficiency_result": 57.32454364847521
}