{
    "WMQ_Load": [
        3927.3913281477267
    ],
    "WMQ_Load_r": 3927.3913281477267,
    "C_Load": [
        305.62795350714526
    ],
    "C_Load_r": 305.62795350714526,
    "WLQ_Load": [
        35904
    ],
    "WLQ_Load_r": 35904.0
}