{
    "WMQ_result": 84.34915113748255,
    "C_result": 57.874481731068734,
    "Efficiency_result": 1.457449788136961
}