{
    "WMQ_result": 682.5996381929765,
    "C_result": 140.62140998039965,
    "Efficiency_result": 4.854165793730271
}