{
    "WMQ_Load": [
        845.8792178337653
    ],
    "WMQ_Load_r": 845.8792178337653,
    "C_Load": [
        2378.2915702809905
    ],
    "C_Load_r": 2378.2915702809905
}