{
    "WMQ_Load": [
        1246.710652703615,
        1210.2427551771827,
        767.7098604556778,
        824.2841136732892,
        863.055052374654,
        864.5059375090367
    ],
    "WMQ_Load_r": 863.7804949418453,
    "C_Base": [
        123.32992547660274,
        131.81611216789005,
        157.49000992766128
    ],
    "C_Load": [
        156.57230917415623,
        152.41999362510612,
        93.90438831907049,
        95.49203165195838,
        101.74287935764843,
        100.70531740792052
    ],
    "C_Base_r": 131.81611216789005,
    "C_Load_r": 101.22409838278448,
    "ERR": [
        0.7972674415633403
    ],
    "ERR_r": 0.7972674415633403
}