{
    "WMQ_result": 69.0471286322337,
    "C_result": 33.219801223945716,
    "Efficiency_result": 2.0784931302497585
}