{
    "WMQ_Load": [
        2277.7733371993663
    ],
    "WMQ_Load_r": 2277.7733371993663,
    "C_Load": [
        79.66370626850548
    ],
    "C_Load_r": 79.66370626850548,
    "WLQ_Load": [
        35904
    ],
    "WLQ_Load_r": 35904.0
}