{
    "WMQ_result": 2277.7733371993663,
    "C_result": 79.66370626850548,
    "Efficiency_result": 28.592359606295005
}