{
    "ERR": [
        2.050492668264709
    ],
    "ERR_r": 2.050492668264709,
    "WMQ_Load": [
        69.9646742247492,
        66.50518240467781,
        66.25614441561952
    ],
    "WMQ_Load_r": 66.50518240467781,
    "C_Load": [
        32.296614322603375,
        31.40328984846189,
        32.02601481841085
    ],
    "C_Load_r": 32.02601481841085
}