{
    "ERR": [
        2.050492668264709
    ],
    "ERR_r": 2.050492668264709,
    "WMQ_Load": [
        129.52536859769884,
        129.82214462879975,
        97.02469044174592
    ],
    "WMQ_Load_r": 129.52536859769884,
    "C_Load": [
        48.132348712183145,
        48.44982567699949,
        44.97661100540014
    ],
    "C_Load_r": 48.132348712183145
}