{
    "WMQ_Load": [
        11719.517830176232
    ],
    "WMQ_Load_r": 11719.517830176232,
    "C_Load": [
        295.69781632374185
    ],
    "C_Load_r": 295.69781632374185,
    "WLQ_Load": [
        35904
    ],
    "WLQ_Load_r": 35904.0
}