{
    "WMQ_result": 11719.517830176232,
    "C_result": 295.69781632374185,
    "Efficiency_result": 39.63342704345585
}