{
    "WMQ_Load": [
        845.8792178337653
    ],
    "WMQ_Load_r": 845.8792178337653,
    "C_Load": [
        196.23331292067073
    ],
    "C_Load_r": 196.23331292067073,
    "WLQ_Load": [
        35904
    ],
    "WLQ_Load_r": 35904.0
}