{
    "ERR": [
        1.5832319029739093
    ],
    "ERR_r": 1.5832319029739093
}