{
    "WMQ_Load": [
        135.78283560109773,
        104.56668682991928,
        102.70200032787396
    ],
    "WMQ_Load_r": 104.56668682991928,
    "C_Load": [
        209.37061881050235,
        213.57921373822242,
        170.05166903195692
    ],
    "C_Load_r": 209.37061881050235,
    "ERR": [
        1.8046342763729173
    ],
    "ERR_r": 1.8046342763729173
}