{
    "WMQ_result": 138.81965276937058,
    "C_result": 57.69674517308408,
    "Efficiency_result": 2.406022252259229
}