{
    "WMQ_result": 2290.9195701564386,
    "C_result": 290.12736365934967,
    "Efficiency_result": 7.896254738819811
}