{
    "ERR": [
        2.050492668264709
    ],
    "ERR_r": 2.050492668264709,
    "WMQ_Load": [
        146.64138833014297,
        138.3066360449864,
        155.93930289341478
    ],
    "WMQ_Load_r": 146.64138833014297,
    "C_Load": [
        71.33747473299141,
        67.0523225717907,
        72.60370036154211
    ],
    "C_Load_r": 71.33747473299141
}