{
    "WMQ_result": 146.64138833014297,
    "C_result": 71.33747473299141,
    "Efficiency_result": 2.0556010551117225
}