{
    "WMQ_result": 863.7804949418453,
    "C_result": 101.22409838278448,
    "Efficiency_result": 8.533348370023628
}