{
    "WMQ_Load": [
        93.35744849988751,
        94.93649421801693,
        90.42471398161142
    ],
    "WMQ_Load_r": 93.35744849988751,
    "C_Base": [
        133.42665425894353,
        135.78776424310377,
        164.81347008070705
    ],
    "C_Load": [
        44.25990684651209,
        43.54164198273845,
        42.82155231140655
    ],
    "C_Base_r": 135.78776424310377,
    "C_Load_r": 43.54164198273845
}