{
    "ERR": [
        2.136912506760922,
        2.096378991761865,
        2.166583179093073
    ],
    "ERR_r": 2.136912506760922
}