{
    "ERR": [
        16.92388519713676,
        17.568640532616936,
        17.60448365910754
    ],
    "ERR_r": 17.568640532616936
}