{
    "WMQ_result": 67.720832135319,
    "C_result": 2257.8211264106108,
    "Efficiency_result": 0.029993887178732682
}