{
    "WMQ_result": 189.42743637236975,
    "C_result": 121.33960552007197,
    "Efficiency_result": 1.5611344338929363
}