{
    "WMQ_result": 12283.495313071737,
    "C_result": 351.79948895743723,
    "Efficiency_result": 34.916182935552435
}