{
    "WMQ_result": 191.69047266922672,
    "C_result": 66.53994457199484,
    "Efficiency_result": 2.8808330680501486
}