{
    "ERR": [
        2.050492668264709
    ],
    "ERR_r": 2.050492668264709,
    "WMQ_Load": [
        209.7997194992866,
        208.16860318918367,
        245.05581734606733
    ],
    "WMQ_Load_r": 209.7997194992866,
    "C_Load": [
        70.69697669059663,
        70.25148429218403,
        72.5407308391329
    ],
    "C_Load_r": 70.69697669059663
}