{
    "C_Idle_result": 30.61415617556433,
    "C_Load_result": 42.958657241511794,
    "Efficiency_result": 0.7126422970683839
}