{
    "ERR": [
        2.046757326626818,
        2.0859643581597678,
        2.0903952868732096
    ],
    "ERR_r": 2.0859643581597678
}