{
    "WMQ_result": 63.93702035460108,
    "C_result": 50.206301908642054,
    "Efficiency_result": 1.2734859554273514
}