{
    "WLQ_result": 10473.0,
    "C_result": 67.1716084160911,
    "Efficiency_result": 155.9140870220873
}