{
    "WMQ_Load": [
        361.4069050945302
    ],
    "WMQ_Load_r": 361.4069050945302,
    "C_Load": [
        34.475311022463
    ],
    "C_Load_r": 34.475311022463,
    "WLQ_Load": [
        35904
    ],
    "WLQ_Load_r": 35904.0
}