{
    "WMQ_Load": [
        1054.3897942572228
    ],
    "WMQ_Load_r": 1054.3897942572228,
    "C_Base": [
        123.32992547660274,
        131.81611216789005,
        157.49000992766128
    ],
    "C_Load": [
        142.59217074414823
    ],
    "C_Base_r": 131.81611216789005,
    "C_Load_r": 142.59217074414823,
    "ERR": [
        0.7972674415633403
    ],
    "ERR_r": 0.7972674415633403
}