{
    "WMQ_result": 1054.3897942572228,
    "C_result": 142.59217074414823,
    "Efficiency_result": 7.394443809605117
}