{
    "WMQ_Load": [
        3867.3653926708225
    ],
    "WMQ_Load_r": 3867.3653926708225,
    "C_Load": [
        338.27282648121854
    ],
    "C_Load_r": 338.27282648121854,
    "WLQ_Load": [
        35904
    ],
    "WLQ_Load_r": 35904.0
}