{
    "WMQ_result": 209.7997194992866,
    "C_result": 70.69697669059663,
    "Efficiency_result": 2.9675911095529486
}