{
    "WMQ_result": 361.4069050945302,
    "C_result": 34.475311022463,
    "Efficiency_result": 10.483064383641066
}