{
    "WMQ_Load": [
        167.86818042053827
    ],
    "WMQ_Load_r": 167.86818042053827,
    "C_Load": [
        26.678872920717126
    ],
    "C_Load_r": 26.678872920717126,
    "WLQ_Load": [
        35904
    ],
    "WLQ_Load_r": 35904.0
}