{
    "WMQ_result": 167.86818042053827,
    "C_result": 26.678872920717126,
    "Efficiency_result": 6.292176619282236
}