{
    "C_Base_result": 159.99992371477924,
    "C_Load_result": 165.06181857497236,
    "Efficiency_result": 0.9693333388430229
}