{
    "WMQ_Load": [
        3801.304713360572
    ],
    "WMQ_Load_r": 3801.304713360572,
    "C_Load": [
        96.1515824450883
    ],
    "C_Load_r": 96.1515824450883,
    "WLQ_Load": [
        35904
    ],
    "WLQ_Load_r": 35904.0
}