{
    "WMQ_Load": [
        138.31487026794957,
        250.813561240144,
        309.3415670443843
    ],
    "WMQ_Load_r": 250.813561240144,
    "C_Load": [
        297.9545875534986,
        214.37829521010235,
        244.51540283746783
    ],
    "C_Load_r": 244.51540283746783,
    "ERR": [
        2.6600275050670428
    ],
    "ERR_r": 2.6600275050670428
}