{
    "WMQ_Load": [
        318.5332989340146
    ],
    "WMQ_Load_r": 318.5332989340146,
    "C_Load": [
        110.20561141645105
    ],
    "C_Load_r": 110.20561141645105,
    "WLQ_Load": [
        35904
    ],
    "WLQ_Load_r": 35904.0
}