{
    "WMQ_result": 582.2145749782948,
    "C_result": 34.441813926124496,
    "Efficiency_result": 16.9042947687688
}