{
    "WMQ_Load": [
        2328.058663827805
    ],
    "WMQ_Load_r": 2328.058663827805,
    "C_Load": [
        276.48935925620685
    ],
    "C_Load_r": 276.48935925620685,
    "WLQ_Load": [
        35904
    ],
    "WLQ_Load_r": 35904.0
}