{
    "WMQ_result": 2328.058663827805,
    "C_result": 276.48935925620685,
    "Efficiency_result": 8.4200660383119
}