{
    "ERR": [
        2.050492668264709
    ],
    "ERR_r": 2.050492668264709,
    "WMQ_Load": [
        218.008685687994,
        215.69787052698535,
        217.03882824311506
    ],
    "WMQ_Load_r": 217.03882824311506,
    "C_Load": [
        72.33457435544781,
        70.95018961141565,
        73.23184107298785
    ],
    "C_Load_r": 72.33457435544781
}