{
    "WMQ_result": 101.72047104474059,
    "C_result": 155.81783160672296,
    "Efficiency_result": 0.6528166256444794
}