{
    "WMQ_Load": [
        71.56856987246893,
        67.94958766585033,
        68.4071350146409
    ],
    "WMQ_Load_r": 68.4071350146409,
    "C_Load": [
        29.98675636870595,
        29.878596760620297,
        30.04285242152624
    ],
    "C_Load_r": 29.98675636870595
}