{
    "C_Base_result": 189.6926566542505,
    "C_Load_result": 220.97756047324006,
    "Efficiency_result": 0.858424974228195
}