{
    "WMQ_Load": [
        586.6329060663837,
        594.9971300128085,
        716.9536642662083
    ],
    "WMQ_Load_r": 594.9971300128085,
    "C_Base": [
        140.35219073416442,
        115.45873703841178,
        150.4326135489033
    ],
    "C_Load": [
        136.14630348776217,
        193.47883125218243,
        178.27735663024205
    ],
    "C_Base_r": 140.35219073416442,
    "C_Load_r": 178.27735663024205
}