{
    "WMQ_result": 594.9971300128085,
    "C_result": 37.92516589607763,
    "Efficiency_result": 15.688715288503074
}