{
    "WMQ_Load": [
        170.86423400877425,
        170.81888172804028,
        196.23347001540643
    ],
    "WMQ_Load_r": 170.86423400877425,
    "C_Base": [
        141.9884544472626,
        158.1449513704087,
        142.14464224915136
    ],
    "C_Load": [
        64.46974451578042,
        63.053741383737794,
        65.56695469809051
    ],
    "C_Base_r": 142.14464224915136,
    "C_Load_r": 64.46974451578042
}