{
    "WMQ_Load": [
        2320.2002952936405
    ],
    "WMQ_Load_r": 2320.2002952936405,
    "C_Load": [
        246.59321875706016
    ],
    "C_Load_r": 246.59321875706016,
    "WLQ_Load": [
        35904
    ],
    "WLQ_Load_r": 35904.0
}