{
    "WMQ_result": 87.67187007078836,
    "C_result": 58.46110444854069,
    "Efficiency_result": 1.4996615424527244
}