{
    "ERR": [
        2.050492668264709
    ],
    "ERR_r": 2.050492668264709,
    "WMQ_Load": [
        135.45340726641743,
        120.92574213753115,
        104.12882441291632
    ],
    "WMQ_Load_r": 120.92574213753115,
    "C_Load": [
        48.18973629650215,
        47.5177810312217,
        44.86463771814506
    ],
    "C_Load_r": 47.5177810312217
}