{
    "WMQ_result": 4017.563868943812,
    "C_result": 294.10921354971214,
    "Efficiency_result": 13.6601088434271
}