{
    "ERR": [
        2.050492668264709
    ],
    "ERR_r": 2.050492668264709,
    "WMQ_Load": [
        70.35274173448973,
        67.05089243781727,
        67.20213305229225
    ],
    "WMQ_Load_r": 67.20213305229225,
    "C_Load": [
        32.605924313807016,
        32.990868829681304,
        32.702848993053564
    ],
    "C_Load_r": 32.702848993053564
}