{
    "WMQ_result": 67.20213305229225,
    "C_result": 32.702848993053564,
    "Efficiency_result": 2.0549320662113173
}