{
    "WMQ_Load": [
        105.84887689789429,
        81.79648816510552,
        85.98095296912979
    ],
    "WMQ_Load_r": 85.98095296912979,
    "C_Load": [
        56.79067538705531,
        75.16298994290513,
        82.79808929921863
    ],
    "C_Load_r": 75.16298994290513
}