{
    "WMQ_result": 134.19179220410743,
    "C_result": 58.96355579947936,
    "Efficiency_result": 2.2758429403487965
}