{
    "WMQ_Load": [
        2270.064386995591
    ],
    "WMQ_Load_r": 2270.064386995591,
    "C_Load": [
        300.41960787929355
    ],
    "C_Load_r": 300.41960787929355,
    "WLQ_Load": [
        35904
    ],
    "WLQ_Load_r": 35904.0
}