{
    "WLQ_result": 35904.0,
    "C_result": 196.23331292067073,
    "Efficiency_result": 182.96587600554116
}