{
    "WMQ_Load": [
        87.47053176280946,
        85.60968842221435,
        85.23351646031274
    ],
    "WMQ_Load_r": 85.60968842221435,
    "C_Load": [
        217.7745926825475,
        173.85475678713385,
        158.57723966601878
    ],
    "C_Load_r": 173.85475678713385,
    "ERR": [
        1.8046342763729173
    ],
    "ERR_r": 1.8046342763729173
}