{
    "WMQ_Load": [
        2346.835361722999,
        1924.776491677934,
        2008.644159726947
    ],
    "WMQ_Load_r": 2008.644159726947,
    "C_Base": [
        140.0227287748574,
        141.69795275433023,
        132.99821690086958
    ],
    "C_Load": [
        246.5702298156187,
        175.72482181829372,
        201.9071550977166
    ],
    "C_Base_r": 140.0227287748574,
    "C_Load_r": 201.9071550977166
}