{
    "WMQ_Load": [
        845.8792178337653
    ],
    "WMQ_Load_r": 845.8792178337653,
    "C_Load": [
        192.43462383671252
    ],
    "C_Load_r": 192.43462383671252,
    "WLQ_Load": [
        28895
    ],
    "WLQ_Load_r": 28895.0
}