{
    "WMQ_result": 120.92574213753115,
    "C_result": 47.5177810312217,
    "Efficiency_result": 2.5448524639245362
}