{
    "WMQ_Load": [
        444.0751836552678
    ],
    "WMQ_Load_r": 444.0751836552678,
    "C_Load": [
        22.280267322414947
    ],
    "C_Load_r": 22.280267322414947,
    "WLQ_Load": [
        35904
    ],
    "WLQ_Load_r": 35904.0
}