{
    "WMQ_result": 444.0751836552678,
    "C_result": 22.280267322414947,
    "Efficiency_result": 19.931322063111345
}