{
    "WMQ_Load": [
        948.3935705363323,
        1164.206167783498,
        937.9769896103886
    ],
    "WMQ_Load_r": 948.3935705363323,
    "C_Base": [
        117.81848510276791,
        147.6333338538612,
        131.92605725490847
    ],
    "C_Load": [
        148.47034195697358,
        142.90433874077465,
        201.08023750526425
    ],
    "C_Base_r": 131.92605725490847,
    "C_Load_r": 148.47034195697358
}