{
    "WMQ_Load": [
        68.25996381929764
    ],
    "WMQ_Load_r": 68.25996381929764,
    "C_Base": [
        123.32992547660274,
        131.81611216789005,
        157.49000992766128
    ],
    "C_Load": [
        32.333294179261536
    ],
    "C_Base_r": 131.81611216789005,
    "C_Load_r": 32.333294179261536,
    "ERR": [
        0.7972674415633403
    ],
    "ERR_r": 0.7972674415633403
}