{
    "WMQ_result": 87.69172876156509,
    "C_result": 53.04886293555014,
    "Efficiency_result": 1.653036915571651
}