{
    "C_Idle_result": 20.34484168215463,
    "C_Load_result": 29.461083648522326,
    "Efficiency_result": 0.6905666446242571
}