{
    "WMQ_Load": [
        134.55478012670704
    ],
    "WMQ_Load_r": 134.55478012670704,
    "C_Base": [
        123.32992547660274,
        131.81611216789005,
        157.49000992766128
    ],
    "C_Load": [
        48.236974249385874
    ],
    "C_Base_r": 131.81611216789005,
    "C_Load_r": 48.236974249385874,
    "ERR": [
        0.7972674415633403
    ],
    "ERR_r": 0.7972674415633403
}