{
    "WMQ_result": 134.55478012670704,
    "C_result": 48.236974249385874,
    "Efficiency_result": 2.7894531574691404
}