{
    "WMQ_Load": [
        61.2992767339576,
        61.502204358544795,
        59.968613208562154
    ],
    "WMQ_Load_r": 61.2992767339576,
    "C_Base": [
        118.09284802043425,
        131.40230205577151,
        154.52072226049447
    ],
    "C_Load": [
        31.316452889253227,
        32.0869464331847,
        31.877274989416353
    ],
    "C_Base_r": 131.40230205577151,
    "C_Load_r": 31.877274989416353
}