{
    "WMQ_result": 61.2992767339576,
    "C_result": 31.877274989416353,
    "Efficiency_result": 1.9229773170482642
}