{
    "WMQ_Load": [
        113.7276722613997,
        119.3795571395597,
        118.44294973207792
    ],
    "WMQ_Load_r": 118.44294973207792,
    "C_Load": [
        43.07526400710054,
        43.15288070207285,
        42.89983272962755
    ],
    "C_Load_r": 43.07526400710054
}