{
    "WMQ_result": 118.44294973207792,
    "C_result": 43.07526400710054,
    "Efficiency_result": 2.749674377214583
}