{
    "WMQ_result": 933.5744849988749,
    "C_result": 37.824829021896875,
    "Efficiency_result": 24.681525578302725
}