{
    "ERR": [
        2.9681946418515714,
        2.451309805625439,
        2.420402421914235
    ],
    "ERR_r": 2.451309805625439
}