{
    "WMQ_Load": [
        66.15409161537943,
        66.91277190724524,
        68.16576541265613
    ],
    "WMQ_Load_r": 66.91277190724524,
    "C_Load": [
        198.81769233989536,
        131.8103803751232,
        162.28692367104298
    ],
    "C_Load_r": 162.28692367104298,
    "ERR": [
        1.8046342763729173
    ],
    "ERR_r": 1.8046342763729173
}