{
    "WMQ_result": 922.7536665532119,
    "C_result": 17.16509888154411,
    "Efficiency_result": 53.7575503014058
}