{
    "WMQ_result": 2008.644159726947,
    "C_result": 61.88442632285921,
    "Efficiency_result": 32.45799111472062
}