{
    "WMQ_Load": [
        11288.426181437533
    ],
    "WMQ_Load_r": 11288.426181437533,
    "C_Load": [
        300.73653007931046
    ],
    "C_Load_r": 300.73653007931046,
    "WLQ_Load": [
        35904
    ],
    "WLQ_Load_r": 35904.0
}