{
    "ERR": [
        2.590473470827926
    ],
    "ERR_r": 2.590473470827926
}