{
    "WMQ_Load": [
        94.83935705363322,
        116.42061677834981,
        93.79769896103888
    ],
    "WMQ_Load_r": 94.83935705363322,
    "C_Base": [
        117.81848510276791,
        147.6333338538612,
        131.92605725490847
    ],
    "C_Load": [
        43.48596128675286,
        46.459717652528255,
        43.6127450416954
    ],
    "C_Base_r": 131.92605725490847,
    "C_Load_r": 43.6127450416954
}