{
    "WMQ_result": 68.4071350146409,
    "C_result": 29.98675636870595,
    "Efficiency_result": 2.2812448993659844
}