{
    "WMQ_result": 147.7468591728408,
    "C_result": 64.34236223577594,
    "Efficiency_result": 2.296261032994681
}