{
    "WMQ_Load": [
        71.56856987246893,
        67.94958766585033,
        68.4071350146409
    ],
    "WMQ_Load_r": 68.4071350146409,
    "C_Load": [
        36.50542761415527,
        36.787716297376775,
        36.62153048267559
    ],
    "C_Load_r": 36.62153048267559
}