{
    "WMQ_result": 68.4071350146409,
    "C_result": 36.62153048267559,
    "Efficiency_result": 1.8679485568469623
}