{
    "WMQ_Load": [
        922.7536665532119,
        847.3340354851256,
        962.7622455782608
    ],
    "WMQ_Load_r": 922.7536665532119,
    "C_Base": [
        146.18209604555415,
        123.66773367477593,
        142.82736417466646
    ],
    "C_Load": [
        159.99246305621057,
        208.53691797681836,
        152.6682864450128
    ],
    "C_Base_r": 142.82736417466646,
    "C_Load_r": 159.99246305621057
}