{
    "WMQ_result": 8637.804949418452,
    "C_result": 276.31055200945906,
    "Efficiency_result": 31.261219980924764
}