{
    "ERR": [
        2.050492668264709
    ],
    "ERR_r": 2.050492668264709,
    "WMQ_Load": [
        47.687539950816166,
        100.1861752881853,
        101.88341892560814
    ],
    "WMQ_Load_r": 100.1861752881853,
    "C_Load": [
        35.86427431251373,
        48.02033963774336,
        46.823549101357884
    ],
    "C_Load_r": 46.823549101357884
}