{
    "WMQ_result": 100.1861752881853,
    "C_result": 46.823549101357884,
    "Efficiency_result": 2.1396535976227375
}