{
    "WMQ_result": 266.62973909174275,
    "C_result": 28.514077442948846,
    "Efficiency_result": 9.350810652219673
}