{
    "WMQ_Load": [
        74.2003624620571,
        71.69157463925643,
        68.48457392595623
    ],
    "WMQ_Load_r": 71.69157463925643,
    "C_Load": [
        36.105615438871155,
        35.929712590776596,
        34.9738576737711
    ],
    "C_Load_r": 35.929712590776596
}