{
    "WMQ_result": 565.1113168335985,
    "C_result": 35.5084604447098,
    "Efficiency_result": 15.914835781560651
}