{
    "WMQ_result": 158.1683887652602,
    "C_result": 28.86333989942788,
    "Efficiency_result": 5.4799059747203875
}