{
    "WMQ_result": 77.28062255107278,
    "C_result": 2260.1484837199637,
    "Efficiency_result": 0.03419271924288669
}