{
    "WMQ_Load": [
        113.7276722613997,
        119.3795571395597,
        118.44294973207792
    ],
    "WMQ_Load_r": 118.44294973207792,
    "C_Load": [
        35.297689679697015,
        35.37942027347098,
        35.201252097063026
    ],
    "C_Load_r": 35.297689679697015
}