{
    "WMQ_Load": [
        2290.9195701564386
    ],
    "WMQ_Load_r": 2290.9195701564386,
    "C_Load": [
        290.12736365934967
    ],
    "C_Load_r": 290.12736365934967,
    "WLQ_Load": [
        35904
    ],
    "WLQ_Load_r": 35904.0
}