{
    "WMQ_Load": [
        4200.11176880003
    ],
    "WMQ_Load_r": 4200.11176880003,
    "C_Load": [
        327.65876182991315
    ],
    "C_Load_r": 327.65876182991315,
    "WLQ_Load": [
        35904
    ],
    "WLQ_Load_r": 35904.0
}