{
    "WMQ_result": 4200.11176880003,
    "C_result": 327.65876182991315,
    "Efficiency_result": 12.818554722428873
}