{
    "WMQ_result": 592.3386793774258,
    "C_result": -8.417718908379584,
    "Efficiency_result": -70.3680754637424
}