{
    "WMQ_Load": [
        83.52364000661048,
        84.53319439676008,
        80.48133126159985
    ],
    "WMQ_Load_r": 83.52364000661048,
    "C_Load": [
        106.5592762680352,
        58.56334321466808,
        113.89768659504635
    ],
    "C_Load_r": 106.5592762680352,
    "ERR": [
        2.1156041854700565,
        2.1699542195960597,
        2.1644231933289935
    ],
    "ERR_r": 2.1644231933289935
}