{
    "WMQ_result": 89.5841577991887,
    "C_result": 43.05216561433132,
    "Efficiency_result": 2.0808281423447763
}