{
    "ERR": [
        2.2591022841955257
    ],
    "ERR_r": 2.2591022841955257
}