{
    "ERR": [
        9.063699485624577,
        9.683911682231946,
        10.052054869253126
    ],
    "ERR_r": 9.683911682231946
}