{
    "WMQ_result": 2289.885401492702,
    "C_result": 75.97507211215694,
    "Efficiency_result": 30.13995693366762
}