{
    "WMQ_Load": [
        91.70689315188969,
        83.05859486580323,
        80.6769978169634
    ],
    "WMQ_Load_r": 83.05859486580323,
    "C_Load": [
        30.73715358284213,
        30.10494478851467,
        29.3964888373628
    ],
    "C_Load_r": 30.10494478851467
}