{
    "WMQ_result": 83.05859486580323,
    "C_result": 30.10494478851467,
    "Efficiency_result": 2.758968516610298
}