{
    "C_Base_result": 174.6998780237684,
    "C_Load_result": 170.68148586257985,
    "Efficiency_result": 1.0235432222826082
}