{
    "WMQ_Load": [
        113.7276722613997,
        119.3795571395597,
        118.44294973207792
    ],
    "WMQ_Load_r": 118.44294973207792,
    "C_Load": [
        41.94920221429288,
        41.43223220535941,
        41.505392453175034
    ],
    "C_Load_r": 41.505392453175034
}