{
    "WMQ_result": 66.91277190724524,
    "C_result": 162.28692367104298,
    "Efficiency_result": 0.41231154299823947
}