{
    "WMQ_result": 83.05859486580323,
    "C_result": 36.79407708364916,
    "Efficiency_result": 2.2573903586975272
}