{
    "WMQ_Load": [
        240.22000513158406,
        214.68138012467043,
        205.65053703325563
    ],
    "WMQ_Load_r": 214.68138012467043,
    "C_Load": [
        206.15751382960164,
        216.44852512087337,
        184.14739003657868
    ],
    "C_Load_r": 206.15751382960164,
    "ERR": [
        1.8046342763729173
    ],
    "ERR_r": 1.8046342763729173
}