{
    "ERR": [
        2.050492668264709
    ],
    "ERR_r": 2.050492668264709,
    "WMQ_Load": [
        147.83722005992354,
        193.1334465769064,
        218.84426087766195
    ],
    "WMQ_Load_r": 193.1334465769064,
    "C_Load": [
        91.99082071390252,
        103.22928369292879,
        96.03109957687779
    ],
    "C_Load_r": 96.03109957687779
}