{
    "WMQ_result": 193.1334465769064,
    "C_result": 96.03109957687779,
    "Efficiency_result": 2.0111552135492654
}