{
    "WMQ_Load": [
        76.71005107690931,
        9.125453751959405,
        69.7805022021158
    ],
    "WMQ_Load_r": 69.7805022021158,
    "C_Load": [
        68.49339279947806,
        62.87059154766708,
        93.36356867974024
    ],
    "C_Load_r": 68.49339279947806
}