{
    "ERR": [
        14.84259631202819,
        13.944139132185603,
        14.325298391832057
    ],
    "ERR_r": 14.325298391832057
}