{
    "WMQ_result": 1827.0611573879721,
    "C_result": 77.4908151609079,
    "Efficiency_result": 23.577776973879054
}