{
    "WMQ_result": 561.907923310628,
    "C_result": 32.930130387824185,
    "Efficiency_result": 17.06364100879454
}