{
    "ERR": [
        2.050492668264709
    ],
    "ERR_r": 2.050492668264709,
    "WMQ_Load": [
        191.69047266922672,
        216.14617933111805,
        179.8897666006276
    ],
    "WMQ_Load_r": 191.69047266922672,
    "C_Load": [
        66.53994457199484,
        68.34411460102659,
        64.74463568697345
    ],
    "C_Load_r": 66.53994457199484
}