{
    "ERR": [
        2.050492668264709
    ],
    "ERR_r": 2.050492668264709,
    "WMQ_Load": [
        248.42273404562764,
        270.36093943192446,
        219.37486265427765
    ],
    "WMQ_Load_r": 248.42273404562764,
    "C_Load": [
        109.43164134866633,
        109.74485304593065,
        101.3580229296479
    ],
    "C_Load_r": 109.43164134866633
}