{
    "WMQ_Load": [
        749.1294596231013
    ],
    "WMQ_Load_r": 749.1294596231013,
    "C_Load": [
        46.52244741305373
    ],
    "C_Load_r": 46.52244741305373,
    "WLQ_Load": [
        35904
    ],
    "WLQ_Load_r": 35904.0
}