{
    "WMQ_result": 749.1294596231013,
    "C_result": 46.52244741305373,
    "Efficiency_result": 16.102537619568636
}