{
    "C_Idle_result": 21.01744759107762,
    "C_Load_result": 30.10633154096759,
    "Efficiency_result": 0.6981072257999235
}