{
    "WMQ_Load": [
        180.1629909412015,
        167.0136600079354,
        142.6403536823179
    ],
    "WMQ_Load_r": 167.0136600079354,
    "C_Base": [
        157.40114013302758,
        199.09840674451377,
        114.99003870696892
    ],
    "C_Load": [
        97.54913325326149,
        96.53985211795542,
        92.67541761761778
    ],
    "C_Base_r": 157.40114013302758,
    "C_Load_r": 96.53985211795542
}