{
    "WMQ_result": 250.813561240144,
    "C_result": 244.51540283746783,
    "Efficiency_result": 1.0257577164039136
}