{
    "WMQ_result": 71.69157463925643,
    "C_result": 35.929712590776596,
    "Efficiency_result": 1.9953283639029205
}