{
    "WMQ_result": 191.0427890906052,
    "C_result": 67.88287693191742,
    "Efficiency_result": 2.814300125821273
}