{
    "WMQ_result": 1670.1366000793544,
    "C_result": 90.51953342542507,
    "Efficiency_result": 18.450565716352305
}