{
    "WMQ_result": 118.44294973207792,
    "C_result": 41.505392453175034,
    "Efficiency_result": 2.8536761787206615
}