{
    "WMQ_Load": [
        1044.3903356555547
    ],
    "WMQ_Load_r": 1044.3903356555547,
    "C_Load": [
        196.5834681608327
    ],
    "C_Load_r": 196.5834681608327,
    "WLQ_Load": [
        35904
    ],
    "WLQ_Load_r": 35904.0
}