{
    "WMQ_result": 1044.3903356555547,
    "C_result": 196.5834681608327,
    "Efficiency_result": 5.312706838609124
}