{
    "WMQ_Load": [
        144.64114795445116,
        130.60156455149612,
        126.36363948819243
    ],
    "WMQ_Load_r": 130.60156455149612,
    "C_Load": [
        102.86666728091865,
        85.54978492622925,
        70.06595140610395
    ],
    "C_Load_r": 85.54978492622925
}