{
    "WMQ_result": 9812.952672554038,
    "C_result": 328.79615331007744,
    "Efficiency_result": 29.845095734133324
}