{
    "WMQ_Load": [
        845.8792178337653
    ],
    "WMQ_Load_r": 845.8792178337653,
    "C_Load": [
        1397138927.7487686
    ],
    "C_Load_r": 1397138927.7487686,
    "WLQ_Load": [
        28934
    ],
    "WLQ_Load_r": 28934.0
}