{
    "WLQ_result": 28934.0,
    "C_result": 1397138927.7487686,
    "Efficiency_result": 2.070946519729559e-05
}