{
    "WMQ_Load": [
        676.6717283379073
    ],
    "WMQ_Load_r": 676.6717283379073,
    "C_Base": [
        123.32992547660274,
        131.81611216789005,
        157.49000992766128
    ],
    "C_Load": [
        176.2879974922534
    ],
    "C_Base_r": 131.81611216789005,
    "C_Load_r": 176.2879974922534,
    "ERR": [
        0.7972674415633403
    ],
    "ERR_r": 0.7972674415633403
}