{
    "WMQ_result": 676.6717283379073,
    "C_result": 176.2879974922534,
    "Efficiency_result": 3.838444692569851
}