{
    "WMQ_result": 83.52364000661048,
    "C_result": 106.5592762680352,
    "Efficiency_result": 0.7838232665593396
}