{
    "WMQ_Load": [
        64.5535680992348,
        64.4074233851643,
        64.70205308846332
    ],
    "WMQ_Load_r": 64.5535680992348,
    "C_Load": [
        168.26446010761467,
        226.87345262582622,
        201.02935156314058
    ],
    "C_Load_r": 201.02935156314058,
    "ERR": [
        1.8046342763729173
    ],
    "ERR_r": 1.8046342763729173
}