{
    "WMQ_result": 64.5535680992348,
    "C_result": 201.02935156314058,
    "Efficiency_result": 0.32111513864660407
}