{
    "WMQ_Load": [
        1827.0611573879721
    ],
    "WMQ_Load_r": 1827.0611573879721,
    "C_Load": [
        77.4908151609079
    ],
    "C_Load_r": 77.4908151609079,
    "WLQ_Load": [
        35904
    ],
    "WLQ_Load_r": 35904.0
}