{
    "WMQ_Load": [
        71.56856987246893,
        67.94958766585033,
        68.4071350146409
    ],
    "WMQ_Load_r": 68.4071350146409,
    "C_Load": [
        36.06942510442209,
        36.20889129867882,
        36.28825796657489
    ],
    "C_Load_r": 36.20889129867882
}