{
    "C_Idle_result": 107.12693945325212,
    "C_Load_result": 393.76519762409845,
    "Efficiency_result": 0.272057917001388
}