{
    "WMQ_Load": [
        933.5744849988749,
        949.3649421801695,
        904.2471398161142
    ],
    "WMQ_Load_r": 933.5744849988749,
    "C_Base": [
        133.42665425894353,
        135.78776424310377,
        164.81347008070705
    ],
    "C_Load": [
        173.61259326500064,
        180.45904107279193,
        154.1554594322415
    ],
    "C_Base_r": 135.78776424310377,
    "C_Load_r": 173.61259326500064
}