{
    "WMQ_Load": [
        4017.563868943812
    ],
    "WMQ_Load_r": 4017.563868943812,
    "C_Load": [
        294.10921354971214
    ],
    "C_Load_r": 294.10921354971214,
    "WLQ_Load": [
        35904
    ],
    "WLQ_Load_r": 35904.0
}