{
    "WMQ_result": 66.46026897928715,
    "C_result": 164.2295926162676,
    "Efficiency_result": 0.4046790101621673
}