{
    "WMQ_Load": [
        101.72047104474059,
        101.84926890819554,
        30.596594824184535
    ],
    "WMQ_Load_r": 101.72047104474059,
    "C_Load": [
        170.42931829070963,
        155.69092914243083,
        155.81783160672296
    ],
    "C_Load_r": 155.81783160672296,
    "ERR": [
        1.8046342763729173
    ],
    "ERR_r": 1.8046342763729173
}