{
    "WMQ_result": 59.25490255302049,
    "C_result": 31.691617483399785,
    "Efficiency_result": 1.869734247046825
}