{
    "WMQ_result": 138.5016992056958,
    "C_result": 80.20410154451193,
    "Efficiency_result": 1.7268655410201144
}