{
    "WMQ_result": 71.69157463925643,
    "C_result": 29.413110394493057,
    "Efficiency_result": 2.437402018274105
}