{
    "WMQ_result": 248.42273404562764,
    "C_result": 109.43164134866633,
    "Efficiency_result": 2.270117956598256
}