{
    "WMQ_Load": [
        1801.6299094120154,
        1670.1366000793544,
        1426.4035368231791
    ],
    "WMQ_Load_r": 1670.1366000793544,
    "C_Base": [
        157.40114013302758,
        199.09840674451377,
        114.99003870696892
    ],
    "C_Load": [
        247.92067355845265,
        247.71174688651828,
        253.5854880504484
    ],
    "C_Base_r": 157.40114013302758,
    "C_Load_r": 247.92067355845265
}