{
    "WMQ_Load": [
        2104.357595406408
    ],
    "WMQ_Load_r": 2104.357595406408,
    "C_Load": [
        225.32084737388453
    ],
    "C_Load_r": 225.32084737388453,
    "WLQ_Load": [
        35904
    ],
    "WLQ_Load_r": 35904.0
}