{
    "WMQ_Load": [
        2270.064386995591
    ],
    "WMQ_Load_r": 2270.064386995591,
    "C_Load": [
        372.80099024459156
    ],
    "C_Load_r": 372.80099024459156,
    "WLQ_Load": [
        35904
    ],
    "WLQ_Load_r": 35904.0
}