{
    "WMQ_Load": [
        1342.9787136212701,
        1258.4129145487989,
        1169.6633856565961
    ],
    "WMQ_Load_r": 1258.4129145487989,
    "C_Base": [
        174.4230607522223,
        115.31022701160698,
        133.11800677630333
    ],
    "C_Load": [
        205.90525152476374,
        200.08154122854188,
        222.21680127541453
    ],
    "C_Base_r": 133.11800677630333,
    "C_Load_r": 205.90525152476374
}