{
    "WMQ_result": 1258.4129145487989,
    "C_result": 72.78724474846041,
    "Efficiency_result": 17.28892086652884
}