{
    "WMQ_Load": [
        1910.4278909060517,
        2210.839285290259,
        1885.845927740948
    ],
    "WMQ_Load_r": 1910.4278909060517,
    "C_Base": [
        164.2929636334625,
        116.87751269950985,
        134.72253995566984
    ],
    "C_Load": [
        187.99286736282306,
        184.36162814605282,
        157.16437564624522
    ],
    "C_Base_r": 134.72253995566984,
    "C_Load_r": 184.36162814605282
}