{
    "WMQ_result": 2320.2002952936405,
    "C_result": 246.59321875706016,
    "Efficiency_result": 9.409019059763626
}