{
    "WMQ_result": 213.7341128021755,
    "C_result": 203.64616696692698,
    "Efficiency_result": 1.0495366349659154
}