{
    "WMQ_result": 217.03882824311506,
    "C_result": 72.33457435544781,
    "Efficiency_result": 3.0004853166979197
}