{
    "WMQ_Load": [
        158.1683887652602
    ],
    "WMQ_Load_r": 158.1683887652602,
    "C_Load": [
        28.86333989942788
    ],
    "C_Load_r": 28.86333989942788,
    "WLQ_Load": [
        35904
    ],
    "WLQ_Load_r": 35904.0
}