{
    "ERR": [
        16.347369245679335,
        35.31123977032435,
        5.111001531802614
    ],
    "ERR_r": 16.347369245679335
}