{
    "WMQ_Load": [
        158.8317990004879,
        140.3725484001437,
        204.24890460081608
    ],
    "WMQ_Load_r": 158.8317990004879,
    "C_Load": [
        167.01533714138105,
        187.56662740092113,
        220.71151877710898
    ],
    "C_Load_r": 187.56662740092113,
    "ERR": [
        1.8046342763729173
    ],
    "ERR_r": 1.8046342763729173
}