{
    "ERR": [
        15.602558453754254,
        12.607902377240308,
        13.192110966671015
    ],
    "ERR_r": 13.192110966671015
}