{
    "C_Idle_result": 162.65733554143137,
    "C_Load_result": 352.022874793938,
    "Efficiency_result": 0.46206467587268396
}