{
    "WMQ_Load": [
        213.7341128021755,
        195.44558715503942,
        253.0201038028232
    ],
    "WMQ_Load_r": 213.7341128021755,
    "C_Load": [
        270.0636824293696,
        203.64616696692698,
        196.36156961660694
    ],
    "C_Load_r": 203.64616696692698,
    "ERR": [
        1.8046342763729173
    ],
    "ERR_r": 1.8046342763729173
}