{
    "WMQ_Load": [
        91.70689315188969,
        83.05859486580323,
        80.6769978169634
    ],
    "WMQ_Load_r": 83.05859486580323,
    "C_Load": [
        37.359057373290604,
        36.841868509354526,
        35.9836753791071
    ],
    "C_Load_r": 36.841868509354526
}