{
    "WMQ_Load": [
        4165.080840374238
    ],
    "WMQ_Load_r": 4165.080840374238,
    "C_Load": [
        345.4792364275903
    ],
    "C_Load_r": 345.4792364275903,
    "WLQ_Load": [
        35904
    ],
    "WLQ_Load_r": 35904.0
}