{
    "WMQ_result": 4165.080840374238,
    "C_result": 345.4792364275903,
    "Efficiency_result": 12.05595127349196
}