{
    "WMQ_Load": [
        91.70689315188969,
        83.05859486580323,
        80.6769978169634
    ],
    "WMQ_Load_r": 83.05859486580323,
    "C_Load": [
        36.172266181175985,
        35.630203489108496,
        35.21959306947252
    ],
    "C_Load_r": 35.630203489108496
}