{
    "WMQ_Load": [
        18.942743637236976
    ],
    "WMQ_Load_r": 18.942743637236976,
    "C_Base": [
        123.32992547660274,
        131.81611216789005,
        157.49000992766128
    ],
    "C_Load": [
        19.726194106839113
    ],
    "C_Base_r": 131.81611216789005,
    "C_Load_r": 19.726194106839113,
    "ERR": [
        0.7972674415633403
    ],
    "ERR_r": 0.7972674415633403
}