{
    "WMQ_result": 93.35744849988751,
    "C_result": 43.54164198273845,
    "Efficiency_result": 2.1440957264978184
}