{
    "WMQ_Load": [
        155.00753319889444,
        157.49732492078016,
        143.84708950983563
    ],
    "WMQ_Load_r": 155.00753319889444,
    "C_Load": [
        57.32516121442983,
        92.92448096655733,
        70.4365643712183
    ],
    "C_Load_r": 70.4365643712183
}