{
    "WMQ_result": 155.00753319889444,
    "C_result": 70.4365643712183,
    "Efficiency_result": 2.2006685672794317
}