{
    "WMQ_Load": [
        212.70836500528154
    ],
    "WMQ_Load_r": 212.70836500528154,
    "C_Load": [
        134.30841456639283
    ],
    "C_Load_r": 134.30841456639283,
    "WLQ_Load": [
        35904
    ],
    "WLQ_Load_r": 35904.0
}