{
    "WMQ_result": 212.70836500528154,
    "C_result": 134.30841456639283,
    "Efficiency_result": 1.5837307416069093
}