{
    "WMQ_result": 85.98095296912979,
    "C_result": 75.16298994290513,
    "Efficiency_result": 1.1439267255658954
}