{
    "C_Base_result": 116.65024685198526,
    "C_Load_result": 158.4619296774755,
    "Efficiency_result": 0.7361405170908155
}