{
    "WMQ_result": 68.4071350146409,
    "C_result": 36.20889129867882,
    "Efficiency_result": 1.8892358357610612
}