{
    "WMQ_Load": [
        422088820.831087
    ],
    "WMQ_Load_r": 422088820.831087,
    "C_Load": [
        20.633543938719107
    ],
    "C_Load_r": 20.633543938719107
}