{
    "WMQ_result": 66.50518240467781,
    "C_result": 32.02601481841085,
    "Efficiency_result": 2.076598752038479
}