{
    "WLQ_result": 35904.0,
    "C_result": 1441939113.3075466,
    "Efficiency_result": 2.4899803097540465e-05
}