{
    "WMQ_result": 118.44294973207792,
    "C_result": 35.297689679697015,
    "Efficiency_result": 3.3555439692191946
}