{
    "WMQ_Load": [
        895.841577991887,
        940.5693919193071,
        850.6136709716569
    ],
    "WMQ_Load_r": 895.841577991887,
    "C_Base": [
        141.44288887572858,
        115.23971942225202,
        115.51801049204768
    ],
    "C_Load": [
        157.9287749806587,
        155.814575587262,
        176.1659019486494
    ],
    "C_Base_r": 115.51801049204768,
    "C_Load_r": 157.9287749806587
}