{
    "WMQ_result": 895.841577991887,
    "C_result": 42.41076448861101,
    "Efficiency_result": 21.122976413982265
}