{
    "WMQ_Load": [
        89.5841577991887,
        94.05693919193074,
        85.06136709716569
    ],
    "WMQ_Load_r": 89.5841577991887,
    "C_Base": [
        141.44288887572858,
        115.23971942225202,
        115.51801049204768
    ],
    "C_Load": [
        43.173930120523714,
        43.05216561433132,
        42.360342431036145
    ],
    "C_Base_r": 115.51801049204768,
    "C_Load_r": 43.05216561433132
}