{
    "WMQ_result": 3772.8585424211537,
    "C_result": 88.40242558830985,
    "Efficiency_result": 42.67822423777554
}