{
    "WMQ_Load": [
        58.66329060663838,
        59.49971300128085,
        71.69536642662084
    ],
    "WMQ_Load_r": 59.49971300128085,
    "C_Base": [
        140.35219073416442,
        115.45873703841178,
        150.4326135489033
    ],
    "C_Load": [
        38.15775713727165,
        38.202416152607576,
        42.18327189256379
    ],
    "C_Base_r": 140.35219073416442,
    "C_Load_r": 38.202416152607576
}