{
    "WMQ_result": 59.49971300128085,
    "C_result": 38.202416152607576,
    "Efficiency_result": 1.5574855989107272
}