{
    "WMQ_Load": [
        74.2003624620571,
        71.69157463925643,
        68.48457392595623
    ],
    "WMQ_Load_r": 71.69157463925643,
    "C_Load": [
        29.413110394493057,
        29.451028145229188,
        28.621533884130532
    ],
    "C_Load_r": 29.413110394493057
}