{
    "C_Idle_result": 63.267277424691144,
    "C_Load_result": 94.62813515920479,
    "Efficiency_result": 0.6685884416748641
}