{
    "WMQ_Load": [
        639.3702035460108,
        622.2957311675169,
        641.206523218517
    ],
    "WMQ_Load_r": 639.3702035460108,
    "C_Base": [
        132.25673074837204,
        206.81419338498708,
        141.64757136540493
    ],
    "C_Load": [
        142.7506033571818,
        181.6788375225271,
        140.5464947786649
    ],
    "C_Base_r": 141.64757136540493,
    "C_Load_r": 142.7506033571818
}