{
    "WMQ_result": 130.60156455149612,
    "C_result": 85.54978492622925,
    "Efficiency_result": 1.5266147619671475
}