{
    "WMQ_Load": [
        513.4356193131558
    ],
    "WMQ_Load_r": 513.4356193131558,
    "C_Load": [
        145.47091558678048
    ],
    "C_Load_r": 145.47091558678048,
    "WLQ_Load": [
        35904
    ],
    "WLQ_Load_r": 35904.0
}