{
    "WMQ_result": 513.4356193131558,
    "C_result": 145.47091558678048,
    "Efficiency_result": 3.5294726594806267
}