{
    "WMQ_result": 83.05859486580323,
    "C_result": 35.630203489108496,
    "Efficiency_result": 2.3311288382395214
}