{
    "WMQ_Load": [
        3894.0130740169798
    ],
    "WMQ_Load_r": 3894.0130740169798,
    "C_Load": [
        287.14890462025687
    ],
    "C_Load_r": 287.14890462025687,
    "WLQ_Load": [
        35904
    ],
    "WLQ_Load_r": 35904.0
}