{
    "WMQ_result": 3894.0130740169798,
    "C_result": 287.14890462025687,
    "Efficiency_result": 13.560953955811389
}