{
    "WMQ_Load": [
        612.9927673395761,
        615.0220435854479,
        599.6861320856216
    ],
    "WMQ_Load_r": 612.9927673395761,
    "C_Base": [
        118.09284802043425,
        131.40230205577151,
        154.52072226049447
    ],
    "C_Load": [
        156.73897121658214,
        156.61264190088548,
        164.62395640649223
    ],
    "C_Base_r": 131.40230205577151,
    "C_Load_r": 156.73897121658214
}