{
    "WMQ_Load": [
        59.66291274575218,
        57.98387536728334,
        59.23386793774258
    ],
    "WMQ_Load_r": 59.23386793774258,
    "C_Base": [
        124.06731024691784,
        140.20212446275727,
        158.84172947508853
    ],
    "C_Load": [
        29.793741630351764,
        30.47437304076929,
        30.569840415033138
    ],
    "C_Base_r": 140.20212446275727,
    "C_Load_r": 30.47437304076929
}