{
    "WMQ_result": 2104.357595406408,
    "C_result": 225.32084737388453,
    "Efficiency_result": 9.339382573484457
}