{
    "WMQ_Load": [
        146.09522559559971,
        169.42071644844762,
        183.11972251855588
    ],
    "WMQ_Load_r": 169.42071644844762,
    "C_Base": [
        123.32992547660274,
        131.81611216789005,
        157.49000992766128
    ],
    "C_Load": [
        184.17891298655158
    ],
    "C_Base_r": 131.81611216789005,
    "C_Load_r": 184.17891298655158
}