{
    "C_Base_result": 165.4630641242248,
    "C_Load_result": 184.17891298655158,
    "Efficiency_result": 0.8983822384504279
}