{
    "WMQ_Load": [
        147.7468591728408,
        138.18610723312983,
        151.22647628056453
    ],
    "WMQ_Load_r": 147.7468591728408,
    "C_Load": [
        64.34236223577594,
        56.212571742253886,
        114.77211273585118
    ],
    "C_Load_r": 64.34236223577594
}