{
    "WMQ_Load": [
        121.07298056794912
    ],
    "WMQ_Load_r": 121.07298056794912,
    "C_Load": [
        118.75670363816201
    ],
    "C_Load_r": 118.75670363816201,
    "WLQ_Load": [
        35904
    ],
    "WLQ_Load_r": 35904.0
}