{
    "C_Idle_result": 44.085570533142935,
    "C_Load_result": 66.25867094607266,
    "Efficiency_result": 0.6653554908915059
}