{
    "WMQ_Load": [
        57.51166423530945,
        58.97487031511115,
        64.55473161727804,
        59.53493479092984,
        61.3406131921713,
        58.26314215378568
    ],
    "WMQ_Load_r": 59.25490255302049,
    "C_Base": [
        123.32992547660274,
        131.81611216789005,
        157.49000992766128
    ],
    "C_Load": [
        31.67767685105025,
        31.70555811574932,
        32.12798428804349,
        31.558309751617017,
        31.839873494927254,
        30.781762334580332
    ],
    "C_Base_r": 131.81611216789005,
    "C_Load_r": 31.691617483399785,
    "ERR": [
        0.7972674415633403
    ],
    "ERR_r": 0.7972674415633403
}