{
    "ERR": [
        2.050492668264709
    ],
    "ERR_r": 2.050492668264709
}