{
    "WMQ_result": 102.64859567473518,
    "C_result": 156.57164178559813,
    "Efficiency_result": 0.6556014518599566
}