{
    "WMQ_Load": [
        2270.064386995591
    ],
    "WMQ_Load_r": 2270.064386995591,
    "C_Load": [
        352.022874793938
    ],
    "C_Load_r": 352.022874793938,
    "WLQ_Load": [
        35904
    ],
    "WLQ_Load_r": 35904.0
}