{
    "WMQ_Load": [
        568.6096231810458,
        571.9530785123713,
        578.812215818472
    ],
    "WMQ_Load_r": 571.9530785123713,
    "C_Base": [
        115.12772228621881,
        118.05905734008523,
        191.65385795608495
    ],
    "C_Load": [
        233.9734567125775,
        208.85534476754637,
        136.74917449083017
    ],
    "C_Base_r": 118.05905734008523,
    "C_Load_r": 208.85534476754637
}