{
    "WMQ_result": 571.9530785123713,
    "C_result": 90.79628742746114,
    "Efficiency_result": 6.299300276669522
}