{
    "WMQ_result": 83.05859486580323,
    "C_result": 36.841868509354526,
    "Efficiency_result": 2.254462062495929
}