{
    "ERR": [
        17.078294529474356,
        18.110690214377286,
        17.404904746449375
    ],
    "ERR_r": 17.404904746449375
}