{
    "WMQ_Load": [
        12283.495313071737
    ],
    "WMQ_Load_r": 12283.495313071737,
    "C_Base": [
        123.32992547660274,
        131.81611216789005,
        157.49000992766128
    ],
    "C_Load": [
        351.79948895743723
    ],
    "C_Base_r": 131.81611216789005,
    "C_Load_r": 351.79948895743723,
    "ERR": [
        0.7972674415633403
    ],
    "ERR_r": 0.7972674415633403
}