{
    "ERR": [
        13.785204883826475,
        14.313662996642716,
        14.102468584315305
    ],
    "ERR_r": 14.102468584315305
}