{
    "WMQ_Load": [
        63.93702035460108,
        62.22957311675169,
        64.1206523218517
    ],
    "WMQ_Load_r": 63.93702035460108,
    "C_Base": [
        132.25673074837204,
        206.81419338498708,
        141.64757136540493
    ],
    "C_Load": [
        50.206301908642054,
        48.36103101376432,
        50.490796584263194
    ],
    "C_Base_r": 141.64757136540493,
    "C_Load_r": 50.206301908642054
}