{
    "ERR": [
        17.660314987827448,
        18.24051742506286,
        4.961951501204787
    ],
    "ERR_r": 17.660314987827448
}