{
    "WMQ_result": 630.6174363622497,
    "C_result": 105.82702189982366,
    "Efficiency_result": 5.958945315112382
}