{
    "C_Idle_result": 42.46104211572208,
    "C_Load_result": 63.29712333587106,
    "Efficiency_result": 0.6708210401665918
}