{
    "WMQ_Load": [
        134.19179220410743
    ],
    "WMQ_Load_r": 134.19179220410743,
    "C_Base": [
        123.32992547660274,
        131.81611216789005,
        157.49000992766128
    ],
    "C_Load": [
        58.96355579947936
    ],
    "C_Base_r": 131.81611216789005,
    "C_Load_r": 58.96355579947936,
    "ERR": [
        0.7972674415633403
    ],
    "ERR_r": 0.7972674415633403
}