{
    "WMQ_result": 1341.9179220410747,
    "C_result": 157.75500836365507,
    "Efficiency_result": 8.506341167614156
}