{
    "WMQ_Load": [
        234.68353617229994,
        192.4776491677934,
        200.86441597269467
    ],
    "WMQ_Load_r": 200.86441597269467,
    "C_Base": [
        140.0227287748574,
        141.69795275433023,
        132.99821690086958
    ],
    "C_Load": [
        74.86015774180686,
        69.03251741795997,
        69.5299477346491
    ],
    "C_Base_r": 140.0227287748574,
    "C_Load_r": 69.5299477346491
}