{
    "WMQ_Load": [
        74.2003624620571,
        71.69157463925643,
        68.48457392595623
    ],
    "WMQ_Load_r": 71.69157463925643,
    "C_Load": [
        35.00294419988166,
        35.171311905912106,
        34.45264501232744
    ],
    "C_Load_r": 35.00294419988166
}