{
    "WMQ_result": 121.07298056794912,
    "C_result": 118.75670363816201,
    "Efficiency_result": 1.019504388879339
}