{
    "WMQ_Load": [
        2281.6320554127046
    ],
    "WMQ_Load_r": 2281.6320554127046,
    "C_Load": [
        70.7479016719103
    ],
    "C_Load_r": 70.7479016719103,
    "WLQ_Load": [
        35904
    ],
    "WLQ_Load_r": 35904.0
}