{
    "WMQ_result": 71.69157463925643,
    "C_result": 35.00294419988166,
    "Efficiency_result": 2.048158412899987
}