{
    "C_Base_result": 159.6694915022042,
    "C_Load_result": 214.0556530769476,
    "Efficiency_result": 0.7459251330531647
}