{
    "WMQ_result": 69.7805022021158,
    "C_result": 68.49339279947806,
    "Efficiency_result": 1.0187917308521406
}