{
    "ERR": [
        2.050492668264709
    ],
    "ERR_r": 2.050492668264709,
    "WMQ_Load": [
        94.78729262279892,
        64.4778436931841,
        65.73491779756777
    ],
    "WMQ_Load_r": 65.73491779756777,
    "C_Load": [
        44.697097210370806,
        40.77112170149128,
        40.32980402957251
    ],
    "C_Load_r": 40.77112170149128
}