{
    "WMQ_result": 65.73491779756777,
    "C_result": 40.77112170149128,
    "Efficiency_result": 1.6122911279912957
}