{
    "WMQ_result": 3839.3828474241254,
    "C_result": 323.4867856486866,
    "Efficiency_result": 11.868747094954832
}