{
    "ERR": [
        2.44491571672007,
        2.427302964471451,
        2.429534336954196
    ],
    "ERR_r": 2.429534336954196
}