{
    "WMQ_result": 214.68138012467043,
    "C_result": 206.15751382960164,
    "Efficiency_result": 1.0413463770334082
}