{
    "WMQ_Load": [
        596.6291274575218,
        579.8387536728334,
        592.3386793774258
    ],
    "WMQ_Load_r": 592.3386793774258,
    "C_Base": [
        124.06731024691784,
        140.20212446275727,
        158.84172947508853
    ],
    "C_Load": [
        172.8239581080725,
        131.7835399975394,
        131.78440555437768
    ],
    "C_Base_r": 140.20212446275727,
    "C_Load_r": 131.78440555437768
}