{
    "WMQ_result": 104.56668682991928,
    "C_result": 209.37061881050235,
    "Efficiency_result": 0.49943343256085393
}