{
    "WMQ_Load": [
        142.3208228124218,
        140.9609548180216,
        132.1979509562272
    ],
    "WMQ_Load_r": 140.9609548180216,
    "C_Load": [
        83.99219963051587,
        59.647276996820004,
        69.76993884546732
    ],
    "C_Load_r": 69.76993884546732
}