{
    "WMQ_Load": [
        67.720832135319
    ],
    "WMQ_Load_r": 67.720832135319,
    "C_Load": [
        2257.8211264106108
    ],
    "C_Load_r": 2257.8211264106108,
    "WLQ_Load": [
        35904
    ],
    "WLQ_Load_r": 35904.0
}