{
    "WMQ_Load": [
        145.91242501596278,
        133.2476345483312,
        138.5016992056958
    ],
    "WMQ_Load_r": 138.5016992056958,
    "C_Load": [
        80.20410154451193,
        58.10373081057517,
        105.36280753346865
    ],
    "C_Load_r": 80.20410154451193
}