{
    "WMQ_result": 845.8792178337653,
    "C_result": 2378.2915702809905,
    "Efficiency_result": 0.35566674347410915
}