{
    "ERR": [
        0.7319827820949977
    ],
    "ERR_r": 0.7319827820949977
}