{
    "WMQ_Load": [
        191.0427890906052,
        221.0839285290259,
        188.58459277409483
    ],
    "WMQ_Load_r": 191.0427890906052,
    "C_Base": [
        164.2929636334625,
        116.87751269950985,
        134.72253995566984
    ],
    "C_Load": [
        67.49178261589691,
        70.27362982484843,
        67.88287693191742
    ],
    "C_Base_r": 134.72253995566984,
    "C_Load_r": 67.88287693191742
}