{
    "C_Base_result": 165.99699477607143,
    "C_Load_result": 131.9307055303608,
    "Efficiency_result": 1.2582135001004073
}