{
    "C_Idle_result": 53.131393616001574,
    "C_Load_result": 300.41960787929355,
    "Efficiency_result": 0.17685727636442888
}