{
    "WMQ_Load": [
        101.89395393125734,
        102.64859567473518,
        104.97753855697766
    ],
    "WMQ_Load_r": 102.64859567473518,
    "C_Load": [
        189.21912200882159,
        156.57164178559813,
        154.46854715626685
    ],
    "C_Load_r": 156.57164178559813,
    "ERR": [
        1.8046342763729173
    ],
    "ERR_r": 1.8046342763729173
}