{
    "WMQ_Load": [
        74.2003624620571,
        71.69157463925643,
        68.48457392595623
    ],
    "WMQ_Load_r": 71.69157463925643,
    "C_Load": [
        35.870807045474386,
        35.98317198954822,
        35.0121277037087
    ],
    "C_Load_r": 35.870807045474386
}