{
    "WMQ_result": 71.69157463925643,
    "C_result": 35.870807045474386,
    "Efficiency_result": 1.9986050090362086
}