{
    "WMQ_Load": [
        1063.7807045043858
    ],
    "WMQ_Load_r": 1063.7807045043858,
    "C_Load": [
        46.685399080878
    ],
    "C_Load_r": 46.685399080878,
    "WLQ_Load": [
        35904
    ],
    "WLQ_Load_r": 35904.0
}