{
    "WMQ_result": 1063.7807045043858,
    "C_result": 46.685399080878,
    "Efficiency_result": 22.786154246244894
}