{
    "WMQ_Load": [
        3772.8585424211537
    ],
    "WMQ_Load_r": 3772.8585424211537,
    "C_Load": [
        88.40242558830985
    ],
    "C_Load_r": 88.40242558830985,
    "WLQ_Load": [
        35904
    ],
    "WLQ_Load_r": 35904.0
}