{
    "WLQ_result": 28895.0,
    "C_result": 192.43462383671252,
    "Efficiency_result": 150.15489117238286
}