{
    "WMQ_result": 3867.3653926708225,
    "C_result": 338.27282648121854,
    "Efficiency_result": 11.432681226275044
}