{
    "WMQ_result": 422088820.831087,
    "C_result": 20.633543938719107,
    "Efficiency_result": 20456438.413327143
}