{
    "WMQ_Load": [
        3891.782849037015
    ],
    "WMQ_Load_r": 3891.782849037015,
    "C_Load": [
        317.2720004095904
    ],
    "C_Load_r": 317.2720004095904,
    "WLQ_Load": [
        35904
    ],
    "WLQ_Load_r": 35904.0
}