{
    "WMQ_result": 3891.782849037015,
    "C_result": 317.2720004095904,
    "Efficiency_result": 12.266392382601737
}