{
    "WMQ_Load": [
        113.7276722613997,
        119.3795571395597,
        118.44294973207792
    ],
    "WMQ_Load_r": 118.44294973207792,
    "C_Load": [
        40.60284464040826,
        40.59200444009423,
        40.53869977898434
    ],
    "C_Load_r": 40.59200444009423
}