{
    "WMQ_result": 118.44294973207792,
    "C_result": 40.59200444009423,
    "Efficiency_result": 2.917888667135822
}