{
    "WMQ_result": 182.0702427947556,
    "C_result": 187.40478712919372,
    "Efficiency_result": 0.97153464211797
}