{
    "WMQ_Load": [
        1388.1965276937058
    ],
    "WMQ_Load_r": 1388.1965276937058,
    "C_Base": [
        123.32992547660274,
        131.81611216789005,
        157.49000992766128
    ],
    "C_Load": [
        138.8585059733294
    ],
    "C_Base_r": 131.81611216789005,
    "C_Load_r": 138.8585059733294,
    "ERR": [
        0.7972674415633403
    ],
    "ERR_r": 0.7972674415633403
}