{
    "ERR": [
        2.4101613764839707,
        2.4630908858878615,
        0.809123438047722
    ],
    "ERR_r": 2.4101613764839707
}