{
    "WMQ_Load": [
        404.0473133000095
    ],
    "WMQ_Load_r": 404.0473133000095,
    "C_Load": [
        102.54821086576574
    ],
    "C_Load_r": 102.54821086576574,
    "WLQ_Load": [
        35904
    ],
    "WLQ_Load_r": 35904.0
}