{
    "WMQ_result": 404.0473133000095,
    "C_result": 102.54821086576574,
    "Efficiency_result": 3.940071795390971
}