{
    "WMQ_Load": [
        9812.952672554038
    ],
    "WMQ_Load_r": 9812.952672554038,
    "C_Load": [
        328.79615331007744
    ],
    "C_Load_r": 328.79615331007744,
    "WLQ_Load": [
        35904
    ],
    "WLQ_Load_r": 35904.0
}