{
    "WMQ_result": 612.9927673395761,
    "C_result": 25.33666916081063,
    "Efficiency_result": 24.19389713181872
}