{
    "WMQ_Load": [
        84.34915113748255,
        11.03182351948255,
        88.06232259970191
    ],
    "WMQ_Load_r": 84.34915113748255,
    "C_Load": [
        63.41527993605653,
        54.62643844198757,
        57.874481731068734
    ],
    "C_Load_r": 57.874481731068734
}