{
    "WMQ_result": 2270.064386995591,
    "C_result": 93.68779935020042,
    "Efficiency_result": 24.23009615702682
}