{
    "WMQ_result": 318.5332989340146,
    "C_result": 110.20561141645105,
    "Efficiency_result": 2.890354627500077
}