{
    "WMQ_result": 2281.6320554127046,
    "C_result": 70.7479016719103,
    "Efficiency_result": 32.25017281775584
}