{
    "ERR": [
        2.2349111365705134,
        2.380122654731742,
        2.2665249574496924
    ],
    "ERR_r": 2.2665249574496924
}