{
    "WMQ_Load": [
        3923.421790816921
    ],
    "WMQ_Load_r": 3923.421790816921,
    "C_Load": [
        306.7524007688712
    ],
    "C_Load_r": 306.7524007688712,
    "WLQ_Load": [
        35904
    ],
    "WLQ_Load_r": 35904.0
}