{
    "WMQ_result": 3923.421790816921,
    "C_result": 306.7524007688712,
    "Efficiency_result": 12.790190984595105
}